text_id,cohesion,syntax,vocabulary,phraseology,grammar,conventions
0000C359D63E,2.725589370727539,2.626855421066284,2.825314998626709,2.839449644088745,2.5280517578125,2.409385108947754
000BAD50D026,2.6499460220336912,2.431537961959839,2.689899206161499,2.3777780532836914,2.1937017917633055,2.5984811782836914
00367BB2546B,3.3794355392456055,3.2188909530639647,3.4076404571533203,3.2691023349761963,3.182398271560669,3.2213239669799805
