text_id,cohesion,syntax,vocabulary,phraseology,grammar,conventions
0000C359D63E,2.705198716630778,2.6094900706825275,2.8346325765645384,2.8223977557143516,2.5313725212206855,2.4272714147319707
000BAD50D026,2.6811837735222044,2.4207778381199923,2.704398743632166,2.398008376912972,2.214956080607199,2.617607162672293
00367BB2546B,3.359939418429338,3.192505665523039,3.3982427811601426,3.2785846402129306,3.1623344174317323,3.217084186301216
