text_id,cohesion,syntax,vocabulary,phraseology,grammar,conventions
0000C359D63E,2.705224227418742,2.609454379421236,2.834663237193811,2.822477029891903,2.531358502208234,2.427258206342688
000BAD50D026,2.6811689915703,2.42077843416644,2.704384772303431,2.3979934280680624,2.2149654266154997,2.6175984842360136
00367BB2546B,3.359938870066606,3.192525263530241,3.3982162451722884,3.2785714318236483,3.1623407355240785,3.2171164681768265
