text_id,cohesion,syntax,vocabulary,phraseology,grammar,conventions
0000C359D63E,2.7966043949127197,2.7184852600097655,2.9045714855194094,2.9508706092834474,2.6632619857788087,2.5691176891326903
000BAD50D026,2.69606351852417,2.518086814880371,2.7172112464904785,2.436114549636841,2.3152578830718995,2.7126351833343505
00367BB2546B,3.380856227874756,3.3007245540618895,3.4802869319915772,3.367827558517456,3.285516929626465,3.3118277072906492
