text_id,cohesion,syntax,vocabulary,phraseology,grammar,conventions
0000C359D63E,2.78387093311827,2.718405532653095,2.9139884959449307,2.9329565527698946,2.661146391497499,2.6009954878873454
000BAD50D026,2.7241028500976125,2.5167827411180097,2.731902029839491,2.4479357464197284,2.3211735796262936,2.7286585234471863
00367BB2546B,3.375050355826737,3.274059098699848,3.470677678220838,3.3825416299964437,3.26808016559504,3.301647681098628
