text_id,cohesion,syntax,vocabulary,phraseology,grammar,conventions
0000C359D63E,2.7255383491516114,2.626926803588867,2.8252536773681642,2.8392910957336426,2.528079795837402,2.4094115257263184
000BAD50D026,2.6499755859375,2.4315367698669434,2.6899271488189695,2.377807950973511,2.1936830997467043,2.59849853515625
00367BB2546B,3.3794366359710692,3.2188517570495607,3.4076935291290282,3.269128751754761,3.1823856353759767,3.2212594032287596
