text_id,cohesion,syntax,vocabulary,phraseology,grammar,conventions
0000C359D63E,2.684859084109945,2.592053337776188,2.844011475760913,2.8055044156950606,2.5346652466039687,2.4451313037376226
000BAD50D026,2.7123919611069094,2.4100189063730415,2.718870338445363,2.418208802852433,2.236229061467694,2.6367157901883362
00367BB2546B,3.340442200887607,3.1661595739965174,3.388792033191257,3.2880405286711003,3.142283199487488,3.2129089693736725
