text_id,cohesion,syntax,vocabulary,phraseology,grammar,conventions
0000C359D63E,2.77113747132382,2.718325805296425,2.9234055063704516,2.9150424962563415,2.659030797216189,2.6328732866420004
000BAD50D026,2.752142181671055,2.515478667355649,2.746592813188504,2.459756943202616,2.3270892761806876,2.7446818635600225
00367BB2546B,3.369244483778717,3.2473936433378072,3.4610684244500987,3.3972557014754314,3.250643401563616,3.291467654906607
